carrier,product,product_code,doc_type,audience,state,also_applies_to,form_number,version,folder,filename,drive_file_id,url,notes
ManhattanLife,Affordable Choice (AFC) health plan,AFC,brochure,client,FL,,AFC7010-FLBR,1125,FL,AFC7010-FLBR_1125.pdf,1OYt9JjeYrUzqAFvnuWJqbkLjJThzrRvG,https://drive.google.com/file/d/1OYt9JjeYrUzqAFvnuWJqbkLjJThzrRvG/view,Elite Plus / Elite / Classic Plus / Classic
ManhattanLife,Affordable Choice (AFC) health plan,AFC,rates,agent,FL,,AFC7010-FLRATES,1125,_rates/FL,AFC7010-FLRATES_1125.pdf,1ojSDdBsUZdroCNPIJ91uNWkGsI8drC7J,https://drive.google.com/file/d/1ojSDdBsUZdroCNPIJ91uNWkGsI8drC7J/view,FL age-by-age rates; FL SDR tables not in the xlsx workbook — use this
ManhattanLife,Dental Vision Hearing Select,DVHS,brochure,client,FL,,DVHS-FLBR,0326,FL,DVHS-FLBR_0326.pdf,1N9349kS9GNtk3WBilrFABvm5FDqTxHcR,https://drive.google.com/file/d/1N9349kS9GNtk3WBilrFABvm5FDqTxHcR/view,
ManhattanLife,Dental Vision Hearing (7016),DVH7016,brochure,client,FL,,DVH7016-FLBR,0924,FL,DVH7016-FLBR_0924.pdf,1o-F8iqTefsDOTDwlj0PpjnnKqA3Qcs-s,https://drive.google.com/file/d/1o-F8iqTefsDOTDwlj0PpjnnKqA3Qcs-s/view,older DVH product; DVH Select is the POP standard
ManhattanLife,Dental Vision Hearing (7016),DVH7016,flyer,client,FL,,DVH7016-FLBRF,0924,FL,DVH7016-FLBRF_0924.pdf,1WZoGNcZX5OsMDiC40Ii9L2-6d6t92bbt,https://drive.google.com/file/d/1WZoGNcZX5OsMDiC40Ii9L2-6d6t92bbt/view,
ManhattanLife,24-Hour Accident,24HR,brochure,client,FL,,EAEP-FLBR,1024,FL,EAEP-FLBR_1024.pdf,1G_DgFkPfGPmBrB9-uf40qcjm1NyxCyv0,https://drive.google.com/file/d/1G_DgFkPfGPmBrB9-uf40qcjm1NyxCyv0/view,FL has its own accident brochure — do not quote from EAEP-BR_0622
ManhattanLife,Out-of-Pocket Gap Protection,GAP,rates,agent,FL,,GAP-FLRATES,1024,_rates/FL,GAP-FLRATES_1024.pdf,1PLL7rf8IBqt9dzUrfHtKoOjoyp3o__9O,https://drive.google.com/file/d/1PLL7rf8IBqt9dzUrfHtKoOjoyp3o__9O/view,FL not in GAP_RATES_0523 group — use this
ManhattanLife,Cancer Heart Attack Stroke,CHAS,brochure,client,FL,,CHAS-FLBR,0825,FL,CHAS-FLBR_0825.pdf,1DP9XL96D3AMqZYKhZbwq5_HUPHPMjRoJ,https://drive.google.com/file/d/1DP9XL96D3AMqZYKhZbwq5_HUPHPMjRoJ/view,
ManhattanLife,Out-of-Pocket Gap Protection,GAP,rates,agent,TX,,GAP-TXRATES,0523,_rates/TX,GAP-TXRATES_0523.pdf,1K4JXjKIhfI_mMcl7wz6IDYlgcgOtXbHT,https://drive.google.com/file/d/1K4JXjKIhfI_mMcl7wz6IDYlgcgOtXbHT/view,TX not in GAP_RATES_0523 group — use this
ManhattanLife,Dental Vision Hearing Select,DVHS,brochure,client,TX,CA;KS,DVHS-CAKSTXBR,1225,TX,DVHS-CAKSTXBR_1225.pdf,1UCdyU2Xw0FvPTIfysdA5ABVWs-lRN6ix,https://drive.google.com/file/d/1UCdyU2Xw0FvPTIfysdA5ABVWs-lRN6ix/view,shared CA/KS/TX brochure
ManhattanLife,Hospital Indemnity Select,HIS,brochure,client,TX,IA;PA;UT,HIS-IAPATXUTBR,0126,TX,HIS-IAPATXUTBR_0126.pdf,1yJ3xR25wrJIF2-sGhNY2hiunNpA94zXQ,https://drive.google.com/file/d/1yJ3xR25wrJIF2-sGhNY2hiunNpA94zXQ/view,shared IA/PA/TX/UT brochure
ManhattanLife,Advantage Series rider (AS7008),AS7008,outline of coverage,client,TX,,AS7008OCTX,,TX,AS7008-OC-TX.pdf,1-_D7uSW83Ly0A0pXnX_x6BvQ8pCoyokZ,https://drive.google.com/file/d/1-_D7uSW83Ly0A0pXnX_x6BvQ8pCoyokZ/view,verify product name from page 1
ManhattanLife,AL7060 policy,AL7060,outline of coverage,client,TX,,AL7060OCTX,,TX,AL7060-OC-TX.pdf,1Uw73yft7koLCleEIFO0OdIKA1lxVGNK8,https://drive.google.com/file/d/1Uw73yft7koLCleEIFO0OdIKA1lxVGNK8/view,verify product name from page 1
ManhattanLife,AL7060I policy,AL7060I,outline of coverage,client,TX,,AL7060IOCTX,,TX,AL7060I-OC-TX.pdf,1xmMNdx-JSFG_IU0znPsVvphdgdn9ESFK,https://drive.google.com/file/d/1xmMNdx-JSFG_IU0znPsVvphdgdn9ESFK/view,verify product name from page 1
ManhattanLife,Dental Vision Hearing Select,DVHS,brochure,client,GA,,DVHS-GABR,1125,GA,DVHS-GABR_1125.pdf,1spfKoL6_zAP2-w4uK0gw4xqjKhWb7nWb,https://drive.google.com/file/d/1spfKoL6_zAP2-w4uK0gw4xqjKhWb7nWb/view,
ManhattanLife,Affordable Choice (AFC) health plan,AFC,brochure,client,ALL,,AFC7010-BR,1025,_all-states,AFC7010-BR_1025.pdf,1EfT-9E4jYPpKwiwh0-bNvZVbfagacS_K,https://drive.google.com/file/d/1EfT-9E4jYPpKwiwh0-bNvZVbfagacS_K/view,general brochure; supersedes 0424 (archived). FL uses AFC7010-FLBR instead
ManhattanLife,AFC Specified Disease Rider,SDR,faq,client,ALL,,AFC-SDR-FAQ,1125,_all-states,AFC-SDR-FAQ_1125.pdf,1hLs34BMCZq_2sDO3BvDDY8l88IXffZ2-,https://drive.google.com/file/d/1hLs34BMCZq_2sDO3BvDDY8l88IXffZ2-/view,
ManhattanLife,Hospital Indemnity Select,HIS,brochure,client,ALL,,HIS-BR,0126,_all-states,HIS-BR_0126.pdf,1B1VbYnTdhVqaEH4L6uc1-iltAZw3nPlP,https://drive.google.com/file/d/1B1VbYnTdhVqaEH4L6uc1-iltAZw3nPlP/view,FL uses this (no FL-specific HIS brochure on file); TX/IA/PA/UT use HIS-IAPATXUTBR
ManhattanLife,Dental Vision Hearing (7016),DVH7016,brochure,client,ALL,,DVH7016-BR,0425,_all-states,DVH7016-BR_0425.pdf,1hrENYvOACoBamPmZ7i4uLdu6vcWBeih2,https://drive.google.com/file/d/1hrENYvOACoBamPmZ7i4uLdu6vcWBeih2/view,
ManhattanLife,24-Hour Accident,24HR,brochure,client,ALL,,EAEP-BR,0622,_all-states,EAEP-BR_0622.pdf,1JkxuYaK4jZ2JNPIx60nOL-eaYmkqEF9X,https://drive.google.com/file/d/1JkxuYaK4jZ2JNPIx60nOL-eaYmkqEF9X/view,FL uses EAEP-FLBR instead; AZ/IN/KY/LA/MN/SD/VA have own versions (not on file)
ManhattanLife,Out-of-Pocket Gap Protection,GAP,brochure,client,ALL,,GAP15-BR,0320,_all-states,GAP15-BR_0320.pdf,1B_2xkZ94ywmRxF5xraBAMZaEfo68hTnx,https://drive.google.com/file/d/1B_2xkZ94ywmRxF5xraBAMZaEfo68hTnx/view,
ManhattanLife,Home Health Care Enhanced,HHCE,brochure,client,ALL,,HHCE-BR,0326,_all-states,HHCE-BR_0326.pdf,1oCW2Oq6hq314uP3dtIWM2HfIHHAbdX9S,https://drive.google.com/file/d/1oCW2Oq6hq314uP3dtIWM2HfIHHAbdX9S/view,NOT approved in FL/CA/NY/NJ/PA/VA (26 states only)
ManhattanLife,Home Health Care Enhanced,HHCE,flyer,client,ALL,,HHCE-BRF,0726,_all-states,HHCE-BRF_0726.pdf,1n3QDo8K4nPgUwnDP7gptfRzl8PsSIoj_,https://drive.google.com/file/d/1n3QDo8K4nPgUwnDP7gptfRzl8PsSIoj_/view,
ManhattanLife,Cancer Heart Attack Stroke,CHAS,brochure,client,ALL,,CHAS-BR,0525,_all-states,CHAS-BR_0525.pdf,1Hx4AGek02cDwZovvHvz5cPEBAtLK78gG,https://drive.google.com/file/d/1Hx4AGek02cDwZovvHvz5cPEBAtLK78gG/view,FL uses CHAS-FLBR instead
ManhattanLife,Cancer Heart Attack Stroke,CHAS,brochure (Spanish),client,ALL,,CHAS-BRSP,0525,_all-states,CHAS-BRSP_0525.pdf,1RlyhvcWE-P20RtFWRXAPAUiAwNFCHb5S,https://drive.google.com/file/d/1RlyhvcWE-P20RtFWRXAPAUiAwNFCHb5S/view,
ManhattanLife,Short Term Care,STC,brochure,client,ALL,,STC-BR,0525,_all-states,STC-BR_0525.pdf,13_geKdYT-mYG-PKAItY_b28VoG_m9YXw,https://drive.google.com/file/d/13_geKdYT-mYG-PKAItY_b28VoG_m9YXw/view,
ManhattanLife,Short Term Care,STC,flyer,client,ALL,,STC-BRF,0825,_all-states,STC-BRF_0825.pdf,1zsDKignexNBNerYqiBVAt08r94YjSxqS,https://drive.google.com/file/d/1zsDKignexNBNerYqiBVAt08r94YjSxqS/view,
ManhattanLife,Short Term Care,STC,faq,client,ALL,,STC-FAQ,0426,_all-states,STC-FAQ_0426.pdf,1iXNtSuruY1NsOcZkcYiuB2D4LP3YQ-Sx,https://drive.google.com/file/d/1iXNtSuruY1NsOcZkcYiuB2D4LP3YQ-Sx/view,
ManhattanLife,Final Expense (SFE),SFE,brochure,client,ALL,,SFE-BR,0921,_all-states,SFE-BR_0921.pdf,15F5l3AUkTCUJKJNbqivUgzCOV32F79Mn,https://drive.google.com/file/d/15F5l3AUkTCUJKJNbqivUgzCOV32F79Mn/view,
ManhattanLife,Final Expense (SFE),SFE,disclosure,client,ALL,,SFEDL,0523,_all-states,SFEDL_0523.pdf,1jCblOOgOVc-InX4ms1XGKZHQCVc06Rka,https://drive.google.com/file/d/1jCblOOgOVc-InX4ms1XGKZHQCVc06Rka/view,verify doc type from page 1
ManhattanLife,Advantage Series Disability Income,ASDI,brochure,client,ALL,,ASDI-BR,0721,_all-states,ASDI-BR_0721.pdf,1YcfCMW4tflGey_tz3eLYUtGHEZU8AHIV,https://drive.google.com/file/d/1YcfCMW4tflGey_tz3eLYUtGHEZU8AHIV/view,
ManhattanLife,Advantage Series Critical Illness,ASCI,brochure,client,ALL,,ASCI-BR,1022,_all-states,ASCI-BR_1022.pdf,1MYOAeFu-wL9M4V-0lawZoLuyYUsIzJP3,https://drive.google.com/file/d/1MYOAeFu-wL9M4V-0lawZoLuyYUsIzJP3/view,
ManhattanLife,Advantage Series Hospital Indemnity,ASHI,brochure,client,ALL,,ASHI-BR,0721,_all-states,ASHI-BR_0721.pdf,1AsSsC2VD-R02tlfAQA8NNjwf0YBLAfd2,https://drive.google.com/file/d/1AsSsC2VD-R02tlfAQA8NNjwf0YBLAfd2/view,
ManhattanLife,Advantage Series Accident,ASACC,brochure,client,ALL,,ASACC-BR,0721,_all-states,ASACC-BR_0721.pdf,10z2XfPCudWsfT5DEklM-CKRkfwGzTFzF,https://drive.google.com/file/d/10z2XfPCudWsfT5DEklM-CKRkfwGzTFzF/view,
ManhattanLife,Advantage Series rider (AS7008),AS7008,outline of coverage,client,ALL,,AS7008OC,,_all-states,AS7008-OC.pdf,11CYFtOjZMwrrVAm-udJ8AnjK_C_6cgnT,https://drive.google.com/file/d/11CYFtOjZMwrrVAm-udJ8AnjK_C_6cgnT/view,verify product name from page 1
ManhattanLife,Ancillary product guide,ANCILLARY,product guide,client,ALL,,ANCILLARY-PGBR,0626,_all-states,ANCILLARY-PGBR_0626.pdf,1xkXz1G0e2MDOTlQKfvqvrj4KX79X3Fem,https://drive.google.com/file/d/1xkXz1G0e2MDOTlQKfvqvrj4KX79X3Fem/view,15 MB — overview of all ancillary products
ManhattanLife,Affordable Choice (AFC) health plan,AFC,rates,agent,ALL,,AFC_RATES,0626,_rates,AFC_RATES_0626.pdf,1TPBBojdEnu2f_nuVAosJaCoICCjnFnlo,https://drive.google.com/file/d/1TPBBojdEnu2f_nuVAosJaCoICCjnFnlo/view,master rate guide; 16 state groups; source of xlsx AFC tabs
ManhattanLife,Hospital Indemnity Select,HIS,rates,agent,ALL,,HIS_RATES,0725,_rates,HIS_RATES_0725.pdf,1QoUWXa6I6ElY4wRb-auCD_Y2IiFgDBbj,https://drive.google.com/file/d/1QoUWXa6I6ElY4wRb-auCD_Y2IiFgDBbj/view,source of xlsx HIS tab
ManhattanLife,Out-of-Pocket Gap Protection,GAP,rates,agent,ALL,,GAP_RATES,0523,_rates,GAP_RATES_0523.pdf,1JyUYcOATDvvVB-UdXmZjlESt4rZ-c8l_,https://drive.google.com/file/d/1JyUYcOATDvvVB-UdXmZjlESt4rZ-c8l_/view,20-state group only; FL and TX have their own rate sheets
ManhattanLife,Home Health Care,HHC,rates,agent,ALL,,HHC_RATES,0826,_rates,HHC_RATES_0826.pdf,16vQ4SpOcTxwfEYgSfIihWRRmrId5832G,https://drive.google.com/file/d/16vQ4SpOcTxwfEYgSfIihWRRmrId5832G/view,NEWER than the HHC 0726 tab in the xlsx — workbook needs refresh
ManhattanLife,Final Expense (SFE),SFE,rates,agent,ALL,,SFE-RATES,1125,_rates,SFE-RATES_1125.pdf,1QD6cPA8fiSuY8GiTg9wRaxHLhiXvSRon,https://drive.google.com/file/d/1QD6cPA8fiSuY8GiTg9wRaxHLhiXvSRon/view,
ManhattanLife,Affordable Choice (AFC) health plan,AFC,agent guide,agent,ALL,,AGT-AFC7010,1225,_agent-guides,AGT-AFC7010_1225.pdf,1Tk1u7w7MglqIxs82va-mSTWUQ95fKheV,https://drive.google.com/file/d/1Tk1u7w7MglqIxs82va-mSTWUQ95fKheV/view,
ManhattanLife,Hospital Indemnity Select,HIS,agent guide,agent,ALL,,AGT-HIS,0126,_agent-guides,AGT-HIS_0126.pdf,1mHV68tny0GrLtWczvYw1RDIrA0IubHbK,https://drive.google.com/file/d/1mHV68tny0GrLtWczvYw1RDIrA0IubHbK/view,
ManhattanLife,Dental Vision Hearing Select,DVHS,agent guide,agent,ALL,,AGT-DVH,1225,_agent-guides,AGT-DVH_1225.pdf,1SG7JSq3HFBJWX2fsuO0UH9YCP2j1J09g,https://drive.google.com/file/d/1SG7JSq3HFBJWX2fsuO0UH9YCP2j1J09g/view,13 MB
ManhattanLife,24-Hour Accident,24HR,agent guide,agent,ALL,,24HR-AGT,0326,_agent-guides,24HR-AGT_0326.pdf,1yuD7edNcR4sm9cZ7geWQYD1KLLIOBKRB,https://drive.google.com/file/d/1yuD7edNcR4sm9cZ7geWQYD1KLLIOBKRB/view,confirmed rate tiers live here (POP tool pulls wrong tier)
ManhattanLife,Out-of-Pocket Gap Protection,GAP,agent guide,agent,ALL,,GAP-AGT,0721,_agent-guides,GAP-AGT_0721.pdf,1lRXcz4A9Zr7hAr5js2wPok-6PkFY8_90,https://drive.google.com/file/d/1lRXcz4A9Zr7hAr5js2wPok-6PkFY8_90/view,
ManhattanLife,Home Health Care,HHC,agent guide,agent,ALL,,AGT-HHC,0626,_agent-guides,AGT-HHC_0626.pdf,1adRmXOWY8jRISvtoll6XUeX_BrBEGz1j,https://drive.google.com/file/d/1adRmXOWY8jRISvtoll6XUeX_BrBEGz1j/view,
ManhattanLife,Short Term Care,STC,agent guide,agent,ALL,,AGT-STC,0426,_agent-guides,AGT-STC_0426.pdf,19Pg7KBZN8Cja6DD7GDk1nX4L8INhu2_F,https://drive.google.com/file/d/19Pg7KBZN8Cja6DD7GDk1nX4L8INhu2_F/view,
ManhattanLife,Final Expense (SFE),SFE,agent guide,agent,ALL,,AGT-SFE,1125,_agent-guides,AGT-SFE_1125.pdf,1B10g6d3PYSziPcrzddiv3lgOHbo03uu_,https://drive.google.com/file/d/1B10g6d3PYSziPcrzddiv3lgOHbo03uu_/view,
ManhattanLife,Cancer Heart Attack Stroke,CHAS,agent guide,agent,ALL,,CHAS-AG,1224,_agent-guides,CHAS-AG_1224.pdf,1GZkav997ve1PJEajidQjWo6Vg4YFFVLg,https://drive.google.com/file/d/1GZkav997ve1PJEajidQjWo6Vg4YFFVLg/view,
ManhattanLife,Advantage Series,AS,agent guide,agent,ALL,,ADVANSERIES-AG,0122,_agent-guides,ADVANSERIES-AG_0122.pdf,1EsVwzrgJD6vynna4byLbzuxSMXmJK1QX,https://drive.google.com/file/d/1EsVwzrgJD6vynna4byLbzuxSMXmJK1QX/view,
ManhattanLife,Final Expense,FE,tip sheet,agent,ALL,,FE-TIPSHEET,0625,_agent-guides,FE-TIPSHEET_0625.pdf,1L94fyDsMTS5GC7_v3OJIOBOEqimcQNn_,https://drive.google.com/file/d/1L94fyDsMTS5GC7_v3OJIOBOEqimcQNn_/view,
ManhattanLife,PAIDEH (unidentified),PAIDEH,agent doc,agent,ALL,,PAIDEH-AGT,0524,_agent-guides,PAIDEH-AGT_0524.pdf,1Tu5TGjNDDEk7ihF0PL7KBmlq4qCXDkqm,https://drive.google.com/file/d/1Tu5TGjNDDEk7ihF0PL7KBmlq4qCXDkqm/view,identify from page 1 and update this row
ManhattanLife,Application (AK7034),AK7034,application,agent,ALL,,AK7034AP,0521,_agent-guides,AK7034-AP_0521.pdf,1LVUZ3HKxy6E7i8sisHF-mnjGwKW4E9E4,https://drive.google.com/file/d/1LVUZ3HKxy6E7i8sisHF-mnjGwKW4E9E4/view,verify which product this app belongs to
ManhattanLife,Product approval chart,PRODAPRCHRT,state approval chart,agent,ALL,,PRODAPRCHRT,,_agent-guides,PRODAPRCHRT-product-approval-chart.pdf,1HsMBuxaLOApMEpe4ETByE0syCwuwCIfW,https://drive.google.com/file/d/1HsMBuxaLOApMEpe4ETByE0syCwuwCIfW/view,source of truth for which product is approved in which state
ManhattanLife,Corporate presentation,MLCORPPRES,presentation,agent,ALL,,MLCORPPRES,041223,_agent-guides,MLCORPPRES_041223-corporate-presentation.pptx,1vVkWMTQ_AhTR9niIhi6Z-qsJQMT33KnM,https://drive.google.com/file/d/1vVkWMTQ_AhTR9niIhi6Z-qsJQMT33KnM/view,35 MB
ManhattanLife,Corporate policyholder guide,CORP-POLICYHOLDER,policyholder guide,client,ALL,,CORP-POLICYHOLDER,0921,_agent-guides,CORP-POLICYHOLDER_0921.pdf,1QCra_i1LnL_q4UNcCOUif5x4Am1nnIov,https://drive.google.com/file/d/1QCra_i1LnL_q4UNcCOUif5x4Am1nnIov/view,candidate for the post-close packet
ManhattanLife,Affordable Choice (AFC) health plan,AFC,brochure,client,ALL,,AFC7010-BR,0424,_archive,AFC7010-BR_0424.pdf,1PVSJR4NROC7XTW1_ZneSF8_Jy77nSezu,https://drive.google.com/file/d/1PVSJR4NROC7XTW1_ZneSF8_Jy77nSezu/view,SUPERSEDED by AFC7010-BR_1025
ManhattanLife,24-Hour Accident,EAEP,brochure,client,AZ,,EAEP-AZBR,0622,AZ,EAEP-AZBR_0622.pdf,1IjWbdF8-7QfGK179Xt-kf69zVUiGKL7z,https://drive.google.com/file/d/1IjWbdF8-7QfGK179Xt-kf69zVUiGKL7z/view,AZ-specific accident brochure. AZ 2-unit rates differ from the generic EAEP-BR_0622 table (checks.md S2) - do not quote AZ off the generic sheet.
ManhattanLife,Dental Vision Hearing Select,DVHS,brochure,client,ALL,,DVHS-BR,0525,_all-states,DVHS-BR_0525.pdf,1jz09h-SUaOgBr4KA5lQoIXZ2ztd6Ts0i,https://drive.google.com/file/d/1jz09h-SUaOgBr4KA5lQoIXZ2ztd6Ts0i/view,Generic DVH Select brochure; state folders (FL/GA/TX) win where they exist.
ManhattanLife,Dental Vision Hearing Select,DVHS,brochure (Spanish),client,ALL,,DVHS-BRSP,0425,_all-states,DVHS-BRSP_0425.pdf,1_PJ-iXBDwFWukxiqUCggACPRtvYwTIXU,https://drive.google.com/file/d/1_PJ-iXBDwFWukxiqUCggACPRtvYwTIXU/view,Spanish
ManhattanLife,Affordable Choice (AFC) health plan,AFC,brochure (Spanish),client,ALL,,AFC7010-BRSP,1025,_all-states,AFC7010-BRSP_1025.pdf,1rUI3pCUbZpNc-9l9CU5tX1aBMRgYJLWb,https://drive.google.com/file/d/1rUI3pCUbZpNc-9l9CU5tX1aBMRgYJLWb/view,Spanish
ManhattanLife,Home Health Care Enhanced,HHCE,brochure (Spanish),client,ALL,,HHCE-SPBR,0326,_all-states,HHCE-SPBR_0326.pdf,1u6AcZgJPJNxY4tJ70Xtjy9NR3zvMQwYS,https://drive.google.com/file/d/1u6AcZgJPJNxY4tJ70Xtjy9NR3zvMQwYS/view,Spanish. HHC is NOT approved in FL.
